{
 "status": {"statCd": "0"},
 "ESignatureDocument": {
  "documentImage": {
   "imageLocation": [
    {
     "pageNumber": 1,
     "url": "image/doc_195298/0.jpg"
    },
    {
     "pageNumber": 2,
     "url": "image/doc_195298/1.jpg"
    },
    {
     "pageNumber": 3,
     "url": "image/doc_195298/2.jpg"
    },
    {
     "pageNumber": 4,
     "url": "image/doc_195298/3.jpg"
    },
    {
     "pageNumber": 5,
     "url": "image/doc_195298/4.jpg"
    },
    {
     "pageNumber": 6,
     "url": "image/doc_195298/5.jpg"
    },
    {
     "pageNumber": 7,
     "url": "image/doc_195298/6.jpg"
    },
    {
     "pageNumber": 8,
     "url": "image/doc_195298/7.jpg"
    },
    {
     "pageNumber": 9,
     "url": "image/doc_195298/8.jpg"
    }
   ],
   "totalpages": 9
  },
  "docName": "Ameriprise Brokerage 529 Plan",
  "docid": 195298,
  "docDescription": "Ameriprise Brokerage 529 Plan",
  "documentSigner": [
   {
    "middleName": "",
    "lastName": "Flowers",
    "documentSignerSignature": [
     {
      "signatureX": "0.61763889",
      "signatureY": "0.94313889",
      "signatureRawValue": "base64encodedString",
      "signatureTime": "02:00:03",
      "signerId": "00100000000000070071059",
      "signatureDate": "2014-09-05",
      "signerContextCd": "COLA",
      "datepageNumber": "4",
      "dateX": "0.61763889",
      "dateY": "0.94313889",
      "signaturePageNumber": "4",
      "signatureSequenceId": 1,
      "signed": false
     },
     {
      "signatureX": "0.61763889",
      "signatureY": "3.45",
      "signatureRawValue": "base64encodedString",
      "signatureTime": "02:00:03",
      "signerId": "00100000000000070071059",
      "signatureDate": "2014-09-05",
      "signerContextCd": "COLA",
      "datepageNumber": "8",
      "dateX": "0.61763889",
      "dateY": "3.45",
      "signaturePageNumber": "8",
      "signatureSequenceId": 2,
      "signed": false
     },
     {
      "signatureX": "0.61763889",
      "signatureY": "2.58220833",
      "signatureRawValue": "base64encodedString",
      "signatureTime": "02:00:03",
      "signerId": "00100000000000070071059",
      "signatureDate": "2014-09-05",
      "signerContextCd": "COLA",
      "datepageNumber": "8",
      "dateX": "0.61763889",
      "dateY": "2.58220833",
      "signaturePageNumber": "8",
      "signatureSequenceId": 3,
      "signed": false
     },
     {
      "signatureX": "0.8",
      "signatureY": "6.06858333",
      "signatureRawValue": "base64encodedString",
      "signatureTime": "02:00:03",
      "signerId": "00100000000000070071059",
      "signatureDate": "2014-09-05",
      "signerContextCd": "COLA",
      "datepageNumber": "7",
      "dateX": "0.8",
      "dateY": "6.06858333",
      "signaturePageNumber": "7",
      "signatureSequenceId": 4,
      "signed": false
     }
    ],
    "signerId": "00100000000000070071059",
    "signerContextCd": "COLA",
    "firstName": "Justin",
    "signerStatus": "Pending"
   },
   {
    "middleName": "",
    "lastName": "",
    "documentSignerSignature": [
     {
      "signatureX": "0.61763889",
      "signatureY": "9.07744445",
      "signatureRawValue": "base64encodedString",
      "signatureTime": "02:00:03",
      "signerId": "88867",
      "signatureDate": "2014-09-05",
      "signerContextCd": "DMU",
      "datepageNumber": "5",
      "dateX": "0.61763889",
      "dateY": "9.07744445",
      "signaturePageNumber": "5",
      "signatureSequenceId": 6,
      "signed": false
     },
     {
      "signatureX": "0.65",
      "signatureY": "4.95158333",
      "signatureRawValue": "base64encodedString",
      "signatureTime": "02:00:03",
      "signerId": "88867",
      "signatureDate": "2014-09-05",
      "signerContextCd": "DMU",
      "datepageNumber": "7",
      "dateX": "0.65",
      "dateY": "4.95158333",
      "signaturePageNumber": "7",
      "signatureSequenceId": 7,
      "signed": false
     }
    ],
    "signerId": "88867",
    "signerContextCd": "DMU",
    "firstName": "Joe O'Neil",
    "signerStatus": "Pending"
   }
  ],
  "workflowId": "Prepared",
  "docShortName": "Ameriprise Brokerage 529 Plan"
 }
}