﻿{
    "Message": {
        "Type": "GetContextResponse",
        "Content": {
            "Context": {
                "ContactId": "2911000345",
                "ContactType": "client",
                "ContactSource": "COLA",
                "GroupId": "001033302212",
                "AdvisorFMID": "1000200023",
                "IsOBO": true
            },
            "AdditionalParams": [
                { "Name": "AccountId", "Value": "10000202013" },
                { "Name": "Ticker", "Value": "CTSH" }
            ]          
        }
    }
}
