{
    "type": "object",
    "$schema": "http://json-schema.org/draft-03/schema",
    "required": false,
    "properties": {
        "Message": {
            "type": "object",
            "required": true,
            "description": "Schema definition for client side messaging between distinct applications",
            "properties": {
                "Content": {
                    "type": "object",
                    "required": false,
                    "properties": {
                        "AdditionalParams": {
                            "description": "Optional Parameters associated with GetContextResponse and LaunchApplicationRequest",
                            "type": "array",
                            "required": false,
                            "minLength": 1,
                            "items": {
                                "type": "object",
                                "required": false,
                                "properties": {
                                    "Name": {
                                        "type": "string",
                                        "required": false
                                    },
                                    "Value": {
                                        "type": "string",
                                        "required": false
                                    }
                                }
                            }
                        },
                        "Context": {
                            "type": "object",
                            "required": false,
                            "description": "Global context held within the Navigator",
                            "properties": {
                                "AdvisorFMID": {
                                    "type": "string",
                                    "required": true
                                },
                                "ContactId": {
                                    "type": "string",
                                    "required": true
                                },
                                "ContactSource": {
                                    "enum": [ "COLA", "EBIX" ],
                                    "required": true
                                },
                                "ContactType": {
                                    "enum": [ "client", "prospect" ],
                                    "required": true
                                },
                                "GroupId": {
                                    "type": "string",
                                    "required": false
                                },
                                "IsOBO": {
                                    "type": "boolean",
                                    "required": true
                                }
                            }
                        },
                        "Error": {
                            "type": "object",
                            "required": false,
                            "properties": {
                                "Info": {
                                    "enum": [ "Message Type not supported",
                                               "Parameter(s) passed are not supported", 
                                               "Requestor origin not supported",
                                                "Context not available",
                                                "Resource not available", 
                                                "Unexpected Error Condition" ],
                                    "required": true
                                },
                                "RequestData": {
                                    "type": "string",
                                    "required": false,
                                    "description": "json message data sent to applauncher"
                                }
                            }
                        }
                    }
                },
                "Type": {
                    "enum": [ "GetContextRequest",
                               "GetContextResponse", 
                               "LaunchApplication", 
                               "ErrorNotification" ],
                    "required": false,
                    "description": "Type of message"
                },
                "TargetApp": {
                    "type": "object",
                    "required": false,
                    "description": "Provide the application id and resource of the target that is required to be launched",
                    "properties": {
                        "Id": {
                            "type": "string",
                            "required": true
                        },
                        "Resource": {
                            "type": "string",
                            "required": true
                        }
                    }
                }
            }
        }
    }
}
