[{"__symbolic":"module","version":3,"metadata":{"PopoverModule":{"__symbolic":"class","decorators":[{"__symbolic":"call","expression":{"__symbolic":"reference","module":"@angular/core","name":"NgModule"},"arguments":[{"imports":[{"__symbolic":"reference","module":"@angular/common","name":"CommonModule"}],"declarations":[{"__symbolic":"reference","module":"./PopoverContent","name":"PopoverContent"},{"__symbolic":"reference","module":"./Popover","name":"Popover"}],"exports":[{"__symbolic":"reference","module":"./PopoverContent","name":"PopoverContent"},{"__symbolic":"reference","module":"./Popover","name":"Popover"}],"entryComponents":[{"__symbolic":"reference","module":"./PopoverContent","name":"PopoverContent"}]}]}]}},"exports":[{"from":"./Popover"},{"from":"./PopoverContent"}]},{"__symbolic":"module","version":1,"metadata":{"PopoverModule":{"__symbolic":"class","decorators":[{"__symbolic":"call","expression":{"__symbolic":"reference","module":"@angular/core","name":"NgModule"},"arguments":[{"imports":[{"__symbolic":"reference","module":"@angular/common","name":"CommonModule"}],"declarations":[{"__symbolic":"reference","module":"./PopoverContent","name":"PopoverContent"},{"__symbolic":"reference","module":"./Popover","name":"Popover"}],"exports":[{"__symbolic":"reference","module":"./PopoverContent","name":"PopoverContent"},{"__symbolic":"reference","module":"./Popover","name":"Popover"}],"entryComponents":[{"__symbolic":"reference","module":"./PopoverContent","name":"PopoverContent"}]}]}]}},"exports":[{"from":"./Popover"},{"from":"./PopoverContent"}]}]